"","ID","vocab_word","Node"
"1",1,"Agenda setting","3"
"2",2,"BCRA","2"
"3",3,"Bias","3"
"4",4,"Calculus of Voting","5"
"5",5,"Campaign finance regulations and reforms",NA
"6",6,"Citizen duty","4 5"
"7",7,"Citizens United v. FEC","2"
"8",8,"Classical liberalism",NA
"9",9,"Collective action problem","2"
"10",10,"Common good","2"
"11",11,"Earned media","3"
"12",12,"Electoral districts",NA
"13",13,"Electoral realignment",NA
"14",14,"Electoral systems",NA
"15",15,"Elite Theory","2"
"16",16,"Exclusive good","2"
"17",17,"FECA","2"
"18",18,"Foreign policy doctrines","7"
"19",19,"Framing","3"
"20",20,"Free riding","2"
"21",21,"Funnel of causality",NA
"22",22,"Globalization",NA
"23",23,"Heuristic","4"
"24",24,"Hunter v. Underwood",NA
"25",25,"Idealism","7"
"26",26,"Ideology","4"
"27",27,"Information cost","4"
"28",28,"Instrumental motivation","4"
"29",29,"Lobbying","2"
"30",30,"Material incentives","2"
"31",31,"Measurable error","Sample bias"
"32",32,"Media eras","3"
"33",33,"Minimal Effect Thesis","3"
"34",34,"Motivation","5"
"35",35,"Nationalism",NA
"36",36,"Networks of recruitment",NA
"37",37,"Non-exclusive good","2"
"38",38,"Non-rivalrous good","2"
"39",39,"Owned media","3"
"40",40,"Paid media","3"
"41",41,"Partisanship",NA
"42",42,"Party Organization (PO)",NA
"43",43,"Party identification",NA
"44",44,"Party in Government (PIG)",NA
"45",45,"Party in the Electorate (PIE)",NA
"46",46,"Party systems","1"
"47",47,"Philip Converse",NA
"48",48,"Pluralism",NA
"49",49,"Policy attitudes",NA
"50",50,"Political efficacy","4"
"51",51,"Political knowledge",NA
"52",52,"Political machine","1"
"53",53,"Political socialization","4"
"54",54,"Polling error",NA
"55",55,"Population",NA
"56",56,"Priming","3"
"57",57,"Probability sample",NA
"58",58,"Public good","2"
"59",59,"Public opinion polls",NA
"60",60,"Purposive incentives","2"
"61",61,"Rational Choice Model of Vote Choice","5"
"62",62,"Realism","7"
"63",63,"Representativeness",NA
"64",64,"Rivalrous good","2"
"65",65,"Sample",NA
"66",66,"Snyder and Ting model/equation","1"
"67",67,"Social Learning Theory","4"
"68",68,"Social-Psychological Model of Vote Choice","5"
"69",69,"Sociological Model of Vote Choice","5"
"70",70,"Solidarity incentives","2"
"71",71,"Texas party politics","1"
"72",72,"Theories of Vote Choice","5"
"73",73,"Updated Calculus of Voting",NA
"74",74,"Unmeasurable error","Question wording and ordering"
"75",75,"Voting methods",NA
"76",76,"Voting regulations",NA
"77",77,"Voting rights amendments","5"
